time,strategy,identifier,symbol,side,type,status,multiplier,time_in_force,asset.strike,asset.multiplier,asset.asset_type,price,filled_quantity,trade_cost
2024-01-09 09:30:00-05:00,YAMLStrategy,d6bd2585a8b04f899be537ed28de86a0,HIMS,buy,market,new,1,gtc,0.0,1,stock,,,
2024-01-09 09:30:00-05:00,YAMLStrategy,d183d6ce06f94575b37b7f6faa4ebaf4,RGTI,buy,market,new,1,gtc,0.0,1,stock,,,
2024-01-09 09:30:00-05:00,YAMLStrategy,d6bd2585a8b04f899be537ed28de86a0,HIMS,buy,market,fill,1,gtc,0.0,1,stock,8.680000305175781,2837.0,0.0
2024-01-09 09:30:00-05:00,YAMLStrategy,d183d6ce06f94575b37b7f6faa4ebaf4,RGTI,buy,market,fill,1,gtc,0.0,1,stock,1.1200000047683716,21929.0,0.0
2024-01-12 09:30:00-05:00,YAMLStrategy,4850ee04e0384445b82b381072b32048,RGTI,sell,limit,canceled,1,day,0.0,1,stock,,,
2024-01-12 09:30:00-05:00,YAMLStrategy,5fc9e5959a5d40ee8454a9db666fbdcc,RGTI,sell,stop,fill,1,day,0.0,1,stock,1.03,21929.0,0.0
2024-01-23 09:30:00-05:00,YAMLStrategy,e76424b0aee641168bc674c5753c0ce7,PLTR,buy,market,new,1,gtc,0.0,1,stock,,,
2024-01-23 09:30:00-05:00,YAMLStrategy,2a0562b17602430994038aa862e70734,RGTI,buy,market,new,1,gtc,0.0,1,stock,,,
2024-01-23 09:30:00-05:00,YAMLStrategy,e76424b0aee641168bc674c5753c0ce7,PLTR,buy,market,fill,1,gtc,0.0,1,stock,17.639999389648438,1042.0,0.0
2024-01-23 09:30:00-05:00,YAMLStrategy,2a0562b17602430994038aa862e70734,RGTI,buy,market,fill,1,gtc,0.0,1,stock,1.100000023841858,16682.0,0.0
2024-01-24 09:30:00-05:00,YAMLStrategy,63982edaaee54ebda9b960c1ba4dd0c2,QUBT,buy,market,new,1,gtc,0.0,1,stock,,,
2024-01-24 09:30:00-05:00,YAMLStrategy,63982edaaee54ebda9b960c1ba4dd0c2,QUBT,buy,market,fill,1,gtc,0.0,1,stock,0.9380000233650208,9910.0,0.0
2024-01-31 09:30:00-05:00,YAMLStrategy,c76e7fd60a884b15b760965370218de4,SOFI,buy,market,new,1,gtc,0.0,1,stock,,,
2024-01-31 09:30:00-05:00,YAMLStrategy,68fe260a3d4d438ab7385757dade3716,RGTI,sell,stop,canceled,1,day,0.0,1,stock,,,
2024-01-31 09:30:00-05:00,YAMLStrategy,6dd388da856e422ea331ab150f2abd98,RGTI,sell,limit,fill,1,day,0.0,1,stock,1.32,16682.0,0.0
2024-01-31 09:30:00-05:00,YAMLStrategy,915d47b7acc34aadbd38d918ae408600,QUBT,sell,limit,canceled,1,day,0.0,1,stock,,,
2024-01-31 09:30:00-05:00,YAMLStrategy,d756d5d0d2a54dcc9ec0e823139f3052,QUBT,sell,stop,fill,1,day,0.0,1,stock,0.83,9910.0,0.0
2024-01-31 09:30:00-05:00,YAMLStrategy,c76e7fd60a884b15b760965370218de4,SOFI,buy,market,fill,1,gtc,0.0,1,stock,8.09000015258789,814.0,0.0
2024-02-02 09:30:00-05:00,YAMLStrategy,bf2fa6c558a94dd88557a8d6b91d7cea,SOFI,sell,limit,canceled,1,day,0.0,1,stock,,,
2024-02-02 09:30:00-05:00,YAMLStrategy,16d653181c214ee99673f7119d855582,SOFI,sell,stop,fill,1,day,0.0,1,stock,7.56,814.0,0.0
2024-02-06 09:30:00-05:00,YAMLStrategy,0ead349468dd4fca988bbf4525ae0879,PLTR,sell,stop,canceled,1,day,0.0,1,stock,,,
2024-02-06 09:30:00-05:00,YAMLStrategy,6f9fca12c6824383b1f84ea13b4dd15e,PLTR,sell,limit,fill,1,day,0.0,1,stock,21.12,1042.0,0.0
2024-02-07 09:30:00-05:00,YAMLStrategy,bcf3ab8bb94b4b2fa0802c21de92a2dd,PLTR,buy,market,new,1,gtc,0.0,1,stock,,,
2024-02-07 09:30:00-05:00,YAMLStrategy,bcf3ab8bb94b4b2fa0802c21de92a2dd,PLTR,buy,market,fill,1,gtc,0.0,1,stock,21.600000381469727,905.0,0.0
2024-02-09 09:30:00-05:00,YAMLStrategy,63f25cee90bd414d850a0313024322bc,SOFI,buy,market,new,1,gtc,0.0,1,stock,,,
2024-02-09 09:30:00-05:00,YAMLStrategy,63f25cee90bd414d850a0313024322bc,SOFI,buy,market,fill,1,gtc,0.0,1,stock,8.1850004196167,1845.0,0.0
2024-02-16 09:30:00-05:00,YAMLStrategy,2071b3537e5b4e66be300d174107879f,QUBT,buy,market,new,1,gtc,0.0,1,stock,,,
2024-02-16 09:30:00-05:00,YAMLStrategy,2071b3537e5b4e66be300d174107879f,QUBT,buy,market,fill,1,gtc,0.0,1,stock,0.8600000143051147,12815.0,0.0
2024-02-20 09:30:00-05:00,YAMLStrategy,0e827bc3882e4035b1db09c74f8c7a03,RCAT,buy,market,new,1,gtc,0.0,1,stock,,,
2024-02-20 09:30:00-05:00,YAMLStrategy,0e827bc3882e4035b1db09c74f8c7a03,RCAT,buy,market,fill,1,gtc,0.0,1,stock,0.6700000166893005,12059.0,0.0
2024-02-21 09:30:00-05:00,YAMLStrategy,bee2ffffd3214d8b8f07e84548e16944,QUBT,sell,limit,canceled,1,day,0.0,1,stock,,,
2024-02-21 09:30:00-05:00,YAMLStrategy,85fa2f71caf649e98b023ed91adaf3f9,QUBT,sell,stop,fill,1,day,0.0,1,stock,0.78,12815.0,0.0
2024-02-27 09:30:00-05:00,YAMLStrategy,db0eceee599f491e9307ecdbbc4def31,HIMS,sell,stop,canceled,1,day,0.0,1,stock,,,
2024-02-27 09:30:00-05:00,YAMLStrategy,0394a7c8d31b4693a7a24a92f4cd622d,HIMS,sell,limit,fill,1,day,0.0,1,stock,12.329999923706055,2837.0,0.0
2024-03-05 09:30:00-05:00,YAMLStrategy,62e7b82e06fb42a497b368a7b6d71d63,SOFI,sell,limit,canceled,1,day,0.0,1,stock,,,
2024-03-05 09:30:00-05:00,YAMLStrategy,0cd6397b1a014c18ba9fdff1179a02c6,SOFI,sell,stop,fill,1,day,0.0,1,stock,7.27,1845.0,0.0
2024-03-06 09:30:00-05:00,YAMLStrategy,0fa12b44ce444fd1b4dd69de6c447e47,PLTR,sell,stop,canceled,1,day,0.0,1,stock,,,
2024-03-06 09:30:00-05:00,YAMLStrategy,5daf8220511640eb9d9c136d47035b48,PLTR,sell,limit,canceled,1,day,0.0,1,stock,,,
2024-03-06 09:30:00-05:00,YAMLStrategy,06c846c213014f90ac4fb39bc69b7019,RCAT,sell,stop,canceled,1,day,0.0,1,stock,,,
2024-03-06 09:30:00-05:00,YAMLStrategy,51a658dc58534b46870bb92abb42d496,RCAT,sell,limit,canceled,1,day,0.0,1,stock,,,
2024-03-06 09:30:00-05:00,YAMLStrategy,83835a49d6f6473bbdba329b08761418,PLTR,sell,market,new,1,day,0.0,1,stock,,,
2024-03-06 09:30:00-05:00,YAMLStrategy,c4ef82591c6648c98310bbe7e4f4b752,RCAT,sell,market,new,1,day,0.0,1,stock,,,
2024-03-06 09:30:00-05:00,YAMLStrategy,83835a49d6f6473bbdba329b08761418,PLTR,sell,market,fill,1,day,0.0,1,stock,25.75,905.0,0.0
2024-03-06 09:30:00-05:00,YAMLStrategy,c4ef82591c6648c98310bbe7e4f4b752,RCAT,sell,market,fill,1,day,0.0,1,stock,0.8299999833106995,12059.0,0.0
2024-04-04 09:30:00-04:00,YAMLStrategy,b27c9ea5df9c45ff83905258a75660c8,SOFI,buy,market,new,1,gtc,0.0,1,stock,,,
2024-04-04 09:30:00-04:00,YAMLStrategy,8827923435bc4cf7bad6bf0dbcad9b8f,RCAT,buy,market,new,1,gtc,0.0,1,stock,,,
2024-04-04 09:30:00-04:00,YAMLStrategy,b27c9ea5df9c45ff83905258a75660c8,SOFI,buy,market,fill,1,gtc,0.0,1,stock,7.650000095367432,3884.0,0.0
2024-04-04 09:30:00-04:00,YAMLStrategy,8827923435bc4cf7bad6bf0dbcad9b8f,RCAT,buy,market,fill,1,gtc,0.0,1,stock,0.8199999928474426,36156.0,0.0
2024-04-11 09:30:00-04:00,YAMLStrategy,9ed6de5306eb444995b51295acbd766f,SOFI,sell,stop,canceled,1,day,0.0,1,stock,,,
2024-04-11 09:30:00-04:00,YAMLStrategy,beb11fdccd4d49488b6230c7ad4db6a7,SOFI,sell,limit,canceled,1,day,0.0,1,stock,,,
2024-04-11 09:30:00-04:00,YAMLStrategy,00efd6011936491fae4c14b23d622c65,RCAT,sell,stop,canceled,1,day,0.0,1,stock,,,
2024-04-11 09:30:00-04:00,YAMLStrategy,c2df838cd273457b8f81b5ac1e809c09,RCAT,sell,limit,canceled,1,day,0.0,1,stock,,,
2024-04-11 09:30:00-04:00,YAMLStrategy,caa719289cf948c2aff2e357592632aa,SOFI,sell,market,new,1,day,0.0,1,stock,,,
2024-04-11 09:30:00-04:00,YAMLStrategy,100c6c3fc9724cf197fdd46200eaf57a,RCAT,sell,market,new,1,day,0.0,1,stock,,,
2024-04-11 09:30:00-04:00,YAMLStrategy,caa719289cf948c2aff2e357592632aa,SOFI,sell,market,fill,1,day,0.0,1,stock,7.570000171661377,3884.0,0.0
2024-04-11 09:30:00-04:00,YAMLStrategy,100c6c3fc9724cf197fdd46200eaf57a,RCAT,sell,market,fill,1,day,0.0,1,stock,0.9100000262260437,36156.0,0.0
2024-04-25 09:30:00-04:00,YAMLStrategy,2e7b1c0875e34030ba6c580769d257e8,SOFI,buy,market,new,1,gtc,0.0,1,stock,,,
2024-04-25 09:30:00-04:00,YAMLStrategy,2e7b1c0875e34030ba6c580769d257e8,SOFI,buy,market,fill,1,gtc,0.0,1,stock,7.420000076293945,3950.0,0.0
2024-04-30 09:30:00-04:00,YAMLStrategy,582e261bd2b941f08d52cd91a2ce7fb4,PLTR,buy,market,new,1,gtc,0.0,1,stock,,,
2024-04-30 09:30:00-04:00,YAMLStrategy,181970707c2643cc9a825e5b7126ea91,RGTI,buy,market,new,1,gtc,0.0,1,stock,,,
2024-04-30 09:30:00-04:00,YAMLStrategy,089bb5ea71ee43bcbca2b72bcc90824b,SOFI,sell,limit,canceled,1,day,0.0,1,stock,,,
2024-04-30 09:30:00-04:00,YAMLStrategy,6a5297c48b87427db7ab11e96f1fd6dc,SOFI,sell,stop,fill,1,day,0.0,1,stock,6.84,3950.0,0.0
2024-04-30 09:30:00-04:00,YAMLStrategy,582e261bd2b941f08d52cd91a2ce7fb4,PLTR,buy,market,fill,1,gtc,0.0,1,stock,22.770000457763672,994.0,0.0
2024-04-30 09:30:00-04:00,YAMLStrategy,181970707c2643cc9a825e5b7126ea91,RGTI,buy,market,fill,1,gtc,0.0,1,stock,1.3200000524520874,16936.0,0.0
2024-05-07 09:30:00-04:00,YAMLStrategy,0c0a2f05cedc4238bb35e10b5462fb4c,PLTR,sell,stop,canceled,1,day,0.0,1,stock,,,
2024-05-07 09:30:00-04:00,YAMLStrategy,73c8bf9cf2834bb0bd4c0417bb591ab0,PLTR,sell,limit,canceled,1,day,0.0,1,stock,,,
2024-05-07 09:30:00-04:00,YAMLStrategy,d47de883380d4a8b944a96ceb751393a,RGTI,sell,limit,canceled,1,day,0.0,1,stock,,,
2024-05-07 09:30:00-04:00,YAMLStrategy,7e4739b5d6a24450bad1cf0143e691c0,RGTI,sell,stop,canceled,1,day,0.0,1,stock,,,
2024-05-07 09:30:00-04:00,YAMLStrategy,4ad263d2aa3b41fda3f5078742e9bc66,PLTR,sell,market,new,1,day,0.0,1,stock,,,
2024-05-07 09:30:00-04:00,YAMLStrategy,e956b5f2ff0c49f8abf632e3e5b4cbba,RGTI,sell,market,new,1,day,0.0,1,stock,,,
2024-05-07 09:30:00-04:00,YAMLStrategy,4ad263d2aa3b41fda3f5078742e9bc66,PLTR,sell,market,fill,1,day,0.0,1,stock,21.989999771118164,994.0,0.0
2024-05-07 09:30:00-04:00,YAMLStrategy,e956b5f2ff0c49f8abf632e3e5b4cbba,RGTI,sell,market,fill,1,day,0.0,1,stock,1.3799999952316284,16936.0,0.0
2024-05-10 09:30:00-04:00,YAMLStrategy,b10aac89adef404f9a0154b4c7887908,QUBT,buy,market,new,1,gtc,0.0,1,stock,,,
2024-05-10 09:30:00-04:00,YAMLStrategy,b10aac89adef404f9a0154b4c7887908,QUBT,buy,market,fill,1,gtc,0.0,1,stock,0.7900000214576721,38829.0,0.0
2024-05-13 09:30:00-04:00,YAMLStrategy,417da8246e724a0ca8b6ca272a735472,HIMS,buy,market,new,1,gtc,0.0,1,stock,,,
2024-05-13 09:30:00-04:00,YAMLStrategy,417da8246e724a0ca8b6ca272a735472,HIMS,buy,market,fill,1,gtc,0.0,1,stock,12.329999923706055,1777.0,0.0
2024-05-16 09:30:00-04:00,YAMLStrategy,5525ae4ac1b24ab18a4ff8ff0c9f9506,SOFI,buy,market,new,1,gtc,0.0,1,stock,,,
2024-05-16 09:30:00-04:00,YAMLStrategy,5525ae4ac1b24ab18a4ff8ff0c9f9506,SOFI,buy,market,fill,1,gtc,0.0,1,stock,7.230000019073486,2250.0,0.0
2024-05-20 08:30:00-04:00,YAMLStrategy,1aac35fa76e24c3788ffc0f21e08f389,HIMS,sell,stop,canceled,1,day,0.0,1,stock,,,
2024-05-20 08:30:00-04:00,YAMLStrategy,c8448ca3db8741eb8fd67e74450649bd,HIMS,sell,limit,fill,1,day,0.0,1,stock,15.949999809265137,1777.0,0.0
2024-06-05 09:30:00-04:00,YAMLStrategy,1aa796f953ec479b9220c953d68f3025,PLTR,buy,market,new,1,gtc,0.0,1,stock,,,
2024-06-05 09:30:00-04:00,YAMLStrategy,1aa796f953ec479b9220c953d68f3025,PLTR,buy,market,fill,1,gtc,0.0,1,stock,22.479999542236328,877.0,0.0
2024-06-07 09:30:00-04:00,YAMLStrategy,8cc9c31734a3451daab0f323b8415153,QUBT,sell,stop,canceled,1,day,0.0,1,stock,,,
2024-06-07 09:30:00-04:00,YAMLStrategy,b6457913d31d4fda88eb0f278f74c5f2,QUBT,sell,limit,canceled,1,day,0.0,1,stock,,,
2024-06-07 09:30:00-04:00,YAMLStrategy,a24bee09605540c1bb66399906270544,SOFI,sell,stop,canceled,1,day,0.0,1,stock,,,
2024-06-07 09:30:00-04:00,YAMLStrategy,9bf7f25bad9a4a2486aa4238c4a34bac,SOFI,sell,limit,canceled,1,day,0.0,1,stock,,,
2024-06-07 09:30:00-04:00,YAMLStrategy,80517e509bf94386af88a07daa07bf54,PLTR,sell,stop,canceled,1,day,0.0,1,stock,,,
2024-06-07 09:30:00-04:00,YAMLStrategy,a89472e4c1684e3097cdb68ab3a7a1ed,PLTR,sell,limit,canceled,1,day,0.0,1,stock,,,
2024-06-07 09:30:00-04:00,YAMLStrategy,e06628fcde5645c3969fb2f024187e9b,QUBT,sell,market,new,1,day,0.0,1,stock,,,
2024-06-07 09:30:00-04:00,YAMLStrategy,523dadab69c8426d920b56b6362c0e32,SOFI,sell,market,new,1,day,0.0,1,stock,,,
2024-06-07 09:30:00-04:00,YAMLStrategy,2e8d991cd4cf49e2b86eba9465a8d236,PLTR,sell,market,new,1,day,0.0,1,stock,,,
2024-06-07 09:30:00-04:00,YAMLStrategy,e06628fcde5645c3969fb2f024187e9b,QUBT,sell,market,fill,1,day,0.0,1,stock,0.6800000071525574,38829.0,0.0
2024-06-07 09:30:00-04:00,YAMLStrategy,523dadab69c8426d920b56b6362c0e32,SOFI,sell,market,fill,1,day,0.0,1,stock,6.920000076293945,2250.0,0.0
2024-06-07 09:30:00-04:00,YAMLStrategy,2e8d991cd4cf49e2b86eba9465a8d236,PLTR,sell,market,fill,1,day,0.0,1,stock,23.239999771118164,877.0,0.0
2024-06-13 09:30:00-04:00,YAMLStrategy,f79145533a9e49bf8c04ae52259427a4,SOFI,buy,market,new,1,gtc,0.0,1,stock,,,
2024-06-13 09:30:00-04:00,YAMLStrategy,f79145533a9e49bf8c04ae52259427a4,SOFI,buy,market,fill,1,gtc,0.0,1,stock,7.099999904632568,4249.0,0.0
2024-06-17 08:30:00-04:00,YAMLStrategy,20843475af584b4d9573b8c203ecd760,SOFI,sell,limit,canceled,1,day,0.0,1,stock,,,
2024-06-17 08:30:00-04:00,YAMLStrategy,98cb82e5e55343648f70844c7771e2bd,SOFI,sell,stop,fill,1,day,0.0,1,stock,6.36,4249.0,0.0
2024-06-18 09:30:00-04:00,YAMLStrategy,9051cf198d294d4e8a2590fd572186cd,RCAT,buy,market,new,1,gtc,0.0,1,stock,,,
2024-06-18 09:30:00-04:00,YAMLStrategy,9051cf198d294d4e8a2590fd572186cd,RCAT,buy,market,fill,1,gtc,0.0,1,stock,1.1699999570846558,26122.0,0.0
2024-06-19 09:30:00-04:00,YAMLStrategy,cbe902cc15bd439d9c7781181dc9dbe7,RCAT,sell,limit,canceled,1,day,0.0,1,stock,,,
2024-06-19 09:30:00-04:00,YAMLStrategy,50020e7a9f514db39070f7aa688c2a34,RCAT,sell,stop,fill,1,day,0.0,1,stock,1.01,26122.0,0.0
2024-07-02 09:30:00-04:00,YAMLStrategy,d74c1ca184ac4606a7e181daa9e5a25c,RGTI,buy,market,new,1,gtc,0.0,1,stock,,,
2024-07-02 09:30:00-04:00,YAMLStrategy,d74c1ca184ac4606a7e181daa9e5a25c,RGTI,buy,market,fill,1,gtc,0.0,1,stock,0.9869999885559082,28240.0,0.0
2024-07-10 09:30:00-04:00,YAMLStrategy,015396e3f2464322869089b226c0e0d5,RGTI,sell,stop,canceled,1,day,0.0,1,stock,,,
2024-07-10 09:30:00-04:00,YAMLStrategy,6c82df6a11574a99920923ab4abcfb08,RGTI,sell,limit,fill,1,day,0.0,1,stock,1.2,28240.0,0.0
2024-07-12 09:30:00-04:00,YAMLStrategy,5c05a5f59915492aac6e3eabe0658603,SOFI,buy,market,new,1,gtc,0.0,1,stock,,,
2024-07-12 09:30:00-04:00,YAMLStrategy,5c05a5f59915492aac6e3eabe0658603,SOFI,buy,market,fill,1,gtc,0.0,1,stock,6.889999866485596,4389.0,0.0
2024-07-15 09:30:00-04:00,YAMLStrategy,bac0b64eb2444e11a913ed9a72c1266d,QUBT,buy,market,new,1,gtc,0.0,1,stock,,,
2024-07-15 09:30:00-04:00,YAMLStrategy,bac0b64eb2444e11a913ed9a72c1266d,QUBT,buy,market,fill,1,gtc,0.0,1,stock,0.6499999761581421,34243.0,0.0
2024-07-16 09:30:00-04:00,YAMLStrategy,fb03fe3b8a5d4bc698337415cc995a5b,SOFI,sell,stop,canceled,1,day,0.0,1,stock,,,
2024-07-16 09:30:00-04:00,YAMLStrategy,90751a3c98aa4eab8e41875928772bc4,SOFI,sell,limit,canceled,1,day,0.0,1,stock,,,
2024-07-16 09:30:00-04:00,YAMLStrategy,2f7f454de47047fcb90a780a6e4e49fb,QUBT,sell,stop,canceled,1,day,0.0,1,stock,,,
2024-07-16 09:30:00-04:00,YAMLStrategy,1d75f9bee7564864b2dea61fe1de2068,QUBT,sell,limit,canceled,1,day,0.0,1,stock,,,
2024-07-16 09:30:00-04:00,YAMLStrategy,b90f34a90d6347bc978c2cb6f0f638d0,SOFI,sell,market,new,1,day,0.0,1,stock,,,
2024-07-16 09:30:00-04:00,YAMLStrategy,c1fbe667ce764921bbd821842fe9742f,QUBT,sell,market,new,1,day,0.0,1,stock,,,
2024-07-16 09:30:00-04:00,YAMLStrategy,b90f34a90d6347bc978c2cb6f0f638d0,SOFI,sell,market,fill,1,day,0.0,1,stock,7.440000057220459,4389.0,0.0
2024-07-16 09:30:00-04:00,YAMLStrategy,c1fbe667ce764921bbd821842fe9742f,QUBT,sell,market,fill,1,day,0.0,1,stock,0.7200000286102295,34243.0,0.0
2024-07-17 09:30:00-04:00,YAMLStrategy,0aa2f42c5cdd4fed8a1123d9f51cba13,HIMS,buy,market,new,1,gtc,0.0,1,stock,,,
2024-07-17 09:30:00-04:00,YAMLStrategy,0aa2f42c5cdd4fed8a1123d9f51cba13,HIMS,buy,market,fill,1,gtc,0.0,1,stock,22.719999313354492,1337.0,0.0
2024-07-18 09:30:00-04:00,YAMLStrategy,2e8019e0aecb4a3da48597d86dc5c5bf,HIMS,sell,limit,canceled,1,day,0.0,1,stock,,,
2024-07-18 09:30:00-04:00,YAMLStrategy,31a43590081d45bcbb4f67c909560511,HIMS,sell,stop,fill,1,day,0.0,1,stock,20.8,1337.0,0.0
2024-07-24 09:30:00-04:00,YAMLStrategy,9c01b6008ab6427e89626c7500845b8a,HIMS,buy,market,new,1,gtc,0.0,1,stock,,,
2024-07-24 09:30:00-04:00,YAMLStrategy,9c01b6008ab6427e89626c7500845b8a,HIMS,buy,market,fill,1,gtc,0.0,1,stock,22.25,1329.0,0.0
2024-08-01 09:30:00-04:00,YAMLStrategy,179cb7ab46494f069cbde2cf16e9041c,HIMS,sell,limit,canceled,1,day,0.0,1,stock,,,
2024-08-01 09:30:00-04:00,YAMLStrategy,5740398a7ebf479794b169823733d826,HIMS,sell,stop,fill,1,day,0.0,1,stock,20.49,1329.0,0.0
2024-08-12 09:30:00-04:00,YAMLStrategy,f40b98bfde7a49bfaf0d4432c278517c,PLTR,buy,market,new,1,gtc,0.0,1,stock,,,
2024-08-12 09:30:00-04:00,YAMLStrategy,c0bdc1a768ea4222a981e6e12e481696,RCAT,buy,market,new,1,gtc,0.0,1,stock,,,
2024-08-12 09:30:00-04:00,YAMLStrategy,f40b98bfde7a49bfaf0d4432c278517c,PLTR,buy,market,fill,1,gtc,0.0,1,stock,30.219999313354492,989.0,0.0
2024-08-12 09:30:00-04:00,YAMLStrategy,c0bdc1a768ea4222a981e6e12e481696,RCAT,buy,market,fill,1,gtc,0.0,1,stock,2.5,11972.0,0.0
2024-08-13 09:30:00-04:00,YAMLStrategy,c97df5574f234c1ab809f18457e21e03,RCAT,sell,stop,canceled,1,day,0.0,1,stock,,,
2024-08-13 09:30:00-04:00,YAMLStrategy,9755d56acc444d3fab224ca5f90676cf,RCAT,sell,limit,fill,1,day,0.0,1,stock,2.98,11972.0,0.0
2024-08-19 09:30:00-04:00,YAMLStrategy,8915c4038c044c8aadf9556c63a1bae3,PLTR,sell,stop,canceled,1,day,0.0,1,stock,,,
2024-08-19 09:30:00-04:00,YAMLStrategy,1db6787a251344d2898f3c343bc90302,PLTR,sell,limit,canceled,1,day,0.0,1,stock,,,
2024-08-19 09:30:00-04:00,YAMLStrategy,dae10cf1ddff4d8fb9939b364642a65c,PLTR,sell,market,new,1,day,0.0,1,stock,,,
2024-08-19 09:30:00-04:00,YAMLStrategy,dae10cf1ddff4d8fb9939b364642a65c,PLTR,sell,market,fill,1,day,0.0,1,stock,32.41999816894531,989.0,0.0
2024-08-20 09:30:00-04:00,YAMLStrategy,bcbe96c638ff48d791aee7a9fa61888c,SOFI,buy,market,new,1,gtc,0.0,1,stock,,,
2024-08-20 09:30:00-04:00,YAMLStrategy,bcbe96c638ff48d791aee7a9fa61888c,SOFI,buy,market,fill,1,gtc,0.0,1,stock,7.389999866485596,4245.0,0.0
2024-08-23 09:30:00-04:00,YAMLStrategy,57ac04868f4a4897a859832eb1b66626,QUBT,buy,market,new,1,gtc,0.0,1,stock,,,
2024-08-23 09:30:00-04:00,YAMLStrategy,57ac04868f4a4897a859832eb1b66626,QUBT,buy,market,fill,1,gtc,0.0,1,stock,0.6800000071525574,34486.0,0.0
2024-08-26 09:30:00-04:00,YAMLStrategy,6c2a5f1397e445fb93933fcbe1e61ee7,RGTI,buy,market,new,1,gtc,0.0,1,stock,,,
2024-08-26 09:30:00-04:00,YAMLStrategy,6c2a5f1397e445fb93933fcbe1e61ee7,RGTI,buy,market,fill,1,gtc,0.0,1,stock,0.949999988079071,18599.0,0.0
2024-08-28 09:30:00-04:00,YAMLStrategy,ae45397e27364159abbcf3f93e892073,QUBT,sell,limit,canceled,1,day,0.0,1,stock,,,
2024-08-28 09:30:00-04:00,YAMLStrategy,56db72f260814d29a207498cfcbc0db2,QUBT,sell,stop,fill,1,day,0.0,1,stock,0.62,34486.0,0.0
2024-08-28 09:30:00-04:00,YAMLStrategy,3f6aa593c96d42a6b2c0c64ee98aa501,RGTI,sell,limit,canceled,1,day,0.0,1,stock,,,
2024-08-28 09:30:00-04:00,YAMLStrategy,7a0132390e5a4090b8e33dfb1826c6fc,RGTI,sell,stop,fill,1,day,0.0,1,stock,0.87,18599.0,0.0
2024-09-10 09:30:00-04:00,YAMLStrategy,a482f55353664bc3bcdd859cf85c69cc,PLTR,buy,market,new,1,gtc,0.0,1,stock,,,
2024-09-10 09:30:00-04:00,YAMLStrategy,a482f55353664bc3bcdd859cf85c69cc,PLTR,buy,market,fill,1,gtc,0.0,1,stock,34.810001373291016,663.0,0.0
2024-09-13 09:30:00-04:00,YAMLStrategy,d11be2ade7324cb1a28637e719f5e101,QUBT,buy,market,new,1,gtc,0.0,1,stock,,,
2024-09-13 09:30:00-04:00,YAMLStrategy,d11be2ade7324cb1a28637e719f5e101,QUBT,buy,market,fill,1,gtc,0.0,1,stock,0.7200000286102295,24184.0,0.0
2024-09-16 09:30:00-04:00,YAMLStrategy,265ced155cf04662955dfae4bedefe0c,HIMS,buy,market,new,1,gtc,0.0,1,stock,,,
2024-09-16 09:30:00-04:00,YAMLStrategy,265ced155cf04662955dfae4bedefe0c,HIMS,buy,market,fill,1,gtc,0.0,1,stock,16.450000762939453,773.0,0.0
2024-09-20 09:30:00-04:00,YAMLStrategy,1d46ab1de36c4a90a4dd3b3a3a4a668a,SOFI,sell,stop,canceled,1,day,0.0,1,stock,,,
2024-09-20 09:30:00-04:00,YAMLStrategy,a459a7dbffa8419bb4ec71ee1d60318d,SOFI,sell,limit,canceled,1,day,0.0,1,stock,,,
2024-09-20 09:30:00-04:00,YAMLStrategy,62ba43c9389c45d684810dfe014f6518,PLTR,sell,stop,canceled,1,day,0.0,1,stock,,,
2024-09-20 09:30:00-04:00,YAMLStrategy,660ba5a1021b4e2497b175cba6a8058c,PLTR,sell,limit,canceled,1,day,0.0,1,stock,,,
2024-09-20 09:30:00-04:00,YAMLStrategy,90d645615d184aa7976ec0063b10812f,QUBT,sell,stop,canceled,1,day,0.0,1,stock,,,
2024-09-20 09:30:00-04:00,YAMLStrategy,fc0f33b8139b4e8bad0718108cd2d259,QUBT,sell,limit,canceled,1,day,0.0,1,stock,,,
2024-09-20 09:30:00-04:00,YAMLStrategy,a2557c6c557f40c7968549fd899b634f,HIMS,sell,limit,canceled,1,day,0.0,1,stock,,,
2024-09-20 09:30:00-04:00,YAMLStrategy,d44f5d90c2ae465987d330b51038b6f7,HIMS,sell,stop,canceled,1,day,0.0,1,stock,,,
2024-09-20 09:30:00-04:00,YAMLStrategy,e583237cd30a48d5bbeadf49f61d091e,SOFI,sell,market,new,1,day,0.0,1,stock,,,
2024-09-20 09:30:00-04:00,YAMLStrategy,327392b0c8b34deea8e76e4ec408ed10,PLTR,sell,market,new,1,day,0.0,1,stock,,,
2024-09-20 09:30:00-04:00,YAMLStrategy,cdb82118b66a4761937dec944a5f4210,QUBT,sell,market,new,1,day,0.0,1,stock,,,
2024-09-20 09:30:00-04:00,YAMLStrategy,379a86d1bb8044108d072314ff88895f,HIMS,sell,market,new,1,day,0.0,1,stock,,,
2024-09-20 09:30:00-04:00,YAMLStrategy,e583237cd30a48d5bbeadf49f61d091e,SOFI,sell,market,fill,1,day,0.0,1,stock,8.135000228881836,4245.0,0.0
2024-09-20 09:30:00-04:00,YAMLStrategy,327392b0c8b34deea8e76e4ec408ed10,PLTR,sell,market,fill,1,day,0.0,1,stock,36.0099983215332,663.0,0.0
2024-09-20 09:30:00-04:00,YAMLStrategy,cdb82118b66a4761937dec944a5f4210,QUBT,sell,market,fill,1,day,0.0,1,stock,0.7300000190734863,24184.0,0.0
2024-09-20 09:30:00-04:00,YAMLStrategy,379a86d1bb8044108d072314ff88895f,HIMS,sell,market,fill,1,day,0.0,1,stock,16.809999465942383,773.0,0.0
2024-09-23 09:30:00-04:00,YAMLStrategy,2f2e1e79d75d45c29b43431f12db60b2,RCAT,buy,market,new,1,gtc,0.0,1,stock,,,
2024-09-23 09:30:00-04:00,YAMLStrategy,2f2e1e79d75d45c29b43431f12db60b2,RCAT,buy,market,fill,1,gtc,0.0,1,stock,3.180000066757202,10192.0,0.0
2024-09-24 09:30:00-04:00,YAMLStrategy,cd91338d3d43494d815f7c706530b142,RCAT,sell,limit,canceled,1,day,0.0,1,stock,,,
2024-09-24 09:30:00-04:00,YAMLStrategy,ccb901f630904e06a7636311af2b2ca5,RCAT,sell,stop,fill,1,day,0.0,1,stock,2.799999952316284,10192.0,0.0
2024-10-03 09:30:00-04:00,YAMLStrategy,210e0e21fc1144c1872d58043f744381,RCAT,buy,market,new,1,gtc,0.0,1,stock,,,
2024-10-03 09:30:00-04:00,YAMLStrategy,210e0e21fc1144c1872d58043f744381,RCAT,buy,market,fill,1,gtc,0.0,1,stock,3.299999952316284,9547.0,0.0
2024-10-07 09:30:00-04:00,YAMLStrategy,b53c026d9c794413b3cd136e24b7003c,QUBT,buy,market,new,1,gtc,0.0,1,stock,,,
2024-10-07 09:30:00-04:00,YAMLStrategy,b53c026d9c794413b3cd136e24b7003c,QUBT,buy,market,fill,1,gtc,0.0,1,stock,0.699999988079071,32987.0,0.0
2024-10-14 08:30:00-04:00,YAMLStrategy,9ed61050e27649b9b5abd3803cbef318,RCAT,sell,stop,canceled,1,day,0.0,1,stock,,,
2024-10-14 08:30:00-04:00,YAMLStrategy,12bd4106d04c49b2b362a207af74beea,RCAT,sell,limit,fill,1,day,0.0,1,stock,3.89,9547.0,0.0
2024-10-15 09:30:00-04:00,YAMLStrategy,77abd8044fa54c9192c00404d97fa55e,RGTI,buy,market,new,1,gtc,0.0,1,stock,,,
2024-10-15 09:30:00-04:00,YAMLStrategy,77abd8044fa54c9192c00404d97fa55e,RGTI,buy,market,fill,1,gtc,0.0,1,stock,0.8389999866485596,31555.0,0.0
2024-10-17 09:30:00-04:00,YAMLStrategy,724386399f924ab29b2addcc890df397,QUBT,sell,stop,canceled,1,day,0.0,1,stock,,,
2024-10-17 09:30:00-04:00,YAMLStrategy,ad983927f33b4530871b1dc68647a008,QUBT,sell,limit,fill,1,day,0.0,1,stock,0.84,32987.0,0.0
2024-10-18 09:30:00-04:00,YAMLStrategy,4071b967cc1649c0a1c2bcfb96637e63,RGTI,sell,stop,canceled,1,day,0.0,1,stock,,,
2024-10-18 09:30:00-04:00,YAMLStrategy,e3f983dcaa2c48f392c75cd2d0863037,RGTI,sell,limit,fill,1,day,0.0,1,stock,1.01,31555.0,0.0
2024-11-06 09:30:00-05:00,YAMLStrategy,f587c758051b4eb98e762b9e52a24829,PLTR,buy,market,new,1,gtc,0.0,1,stock,,,
2024-11-06 09:30:00-05:00,YAMLStrategy,db72be57d7a14997bdf441d804fc4caa,RCAT,buy,market,new,1,gtc,0.0,1,stock,,,
2024-11-06 09:30:00-05:00,YAMLStrategy,f587c758051b4eb98e762b9e52a24829,PLTR,buy,market,fill,1,gtc,0.0,1,stock,53.439998626708984,681.0,0.0
2024-11-06 09:30:00-05:00,YAMLStrategy,db72be57d7a14997bdf441d804fc4caa,RCAT,buy,market,fill,1,gtc,0.0,1,stock,3.440000057220459,10188.0,0.0
2024-11-07 09:30:00-05:00,YAMLStrategy,bcedff2cb9ff4172861f233e362b2c8e,HIMS,buy,market,new,1,gtc,0.0,1,stock,,,
2024-11-07 09:30:00-05:00,YAMLStrategy,bcedff2cb9ff4172861f233e362b2c8e,HIMS,buy,market,fill,1,gtc,0.0,1,stock,23.399999618530273,725.0,0.0
2024-11-11 08:30:00-05:00,YAMLStrategy,e422912089f249a291f210d99c26aa2b,PLTR,sell,stop,canceled,1,day,0.0,1,stock,,,
2024-11-11 08:30:00-05:00,YAMLStrategy,cd60723c37384e46bca16d32663543ce,PLTR,sell,limit,fill,1,day,0.0,1,stock,61.36,681.0,0.0
2024-11-11 08:30:00-05:00,YAMLStrategy,f7782612f3124dc3956c030d4eb139cb,HIMS,sell,stop,canceled,1,day,0.0,1,stock,,,
2024-11-11 08:30:00-05:00,YAMLStrategy,5af3babb380b4038a18180f1db529182,HIMS,sell,limit,fill,1,day,0.0,1,stock,28.1,725.0,0.0
2024-11-13 09:30:00-05:00,YAMLStrategy,82a184fef92a47cc9ec8b9da59a2849a,RCAT,sell,stop,canceled,1,day,0.0,1,stock,,,
2024-11-13 09:30:00-05:00,YAMLStrategy,d2299d275ddf4439a614460100f4c48d,RCAT,sell,limit,canceled,1,day,0.0,1,stock,,,
2024-11-13 09:30:00-05:00,YAMLStrategy,e56b11260ec340628d529982726f7a93,RCAT,sell,market,new,1,day,0.0,1,stock,,,
2024-11-13 09:30:00-05:00,YAMLStrategy,e56b11260ec340628d529982726f7a93,RCAT,sell,market,fill,1,day,0.0,1,stock,4.039999961853027,10188.0,0.0
2024-11-20 09:30:00-05:00,YAMLStrategy,7f2940ab1d0e47109ca528f7a5e3f8e2,HIMS,buy,market,new,1,gtc,0.0,1,stock,,,
2024-11-20 09:30:00-05:00,YAMLStrategy,7f2940ab1d0e47109ca528f7a5e3f8e2,HIMS,buy,market,fill,1,gtc,0.0,1,stock,23.049999237060547,1639.0,0.0
2024-11-25 08:30:00-05:00,YAMLStrategy,1768adb4f8664a2a86ac78b8bdbf0279,HIMS,sell,stop,canceled,1,day,0.0,1,stock,,,
2024-11-25 08:30:00-05:00,YAMLStrategy,6b30fb78922545f7824bdb5c88a52f09,HIMS,sell,limit,fill,1,day,0.0,1,stock,28.24,1639.0,0.0
2024-12-17 09:30:00-05:00,YAMLStrategy,c2a99bcb2bbb4c6e8fa5e9d407690234,RCAT,buy,market,new,1,gtc,0.0,1,stock,,,
2024-12-17 09:30:00-05:00,YAMLStrategy,c2a99bcb2bbb4c6e8fa5e9d407690234,RCAT,buy,market,fill,1,gtc,0.0,1,stock,9.055000305175781,3894.0,0.0
2024-12-18 09:30:00-05:00,YAMLStrategy,5c99a98a534048bdb7c7d6e8bcf5df3d,RCAT,sell,limit,canceled,1,day,0.0,1,stock,,,
2024-12-18 09:30:00-05:00,YAMLStrategy,2de5c189ab4044a9b4932f448884b0ea,RCAT,sell,stop,fill,1,day,0.0,1,stock,9.4,3894.0,0.0
2024-12-27 09:30:00-05:00,YAMLStrategy,384cc9c65228459d8530bf06f359324d,SOFI,buy,market,new,1,gtc,0.0,1,stock,,,
2024-12-27 09:30:00-05:00,YAMLStrategy,384cc9c65228459d8530bf06f359324d,SOFI,buy,market,fill,1,gtc,0.0,1,stock,16.389999389648438,2472.0,0.0
2025-01-02 08:30:00-05:00,YAMLStrategy,5cd49308f45a4e3dbc3ff0678e72ebce,SOFI,sell,limit,canceled,1,day,0.0,1,stock,,,
2025-01-02 08:30:00-05:00,YAMLStrategy,d57a86660e14464ca0dcfd0960064084,SOFI,sell,stop,fill,1,day,0.0,1,stock,14.94,2472.0,0.0
2025-01-17 09:30:00-05:00,YAMLStrategy,181a483879b549b884b567386739da33,HIMS,buy,market,new,1,gtc,0.0,1,stock,,,
2025-01-17 09:30:00-05:00,YAMLStrategy,5f38b4d958ef462e8ee20e08c6dd8d72,SOFI,buy,market,new,1,gtc,0.0,1,stock,,,
2025-01-17 09:30:00-05:00,YAMLStrategy,181a483879b549b884b567386739da33,HIMS,buy,market,fill,1,gtc,0.0,1,stock,27.690000534057617,1436.0,0.0
2025-01-17 09:30:00-05:00,YAMLStrategy,5f38b4d958ef462e8ee20e08c6dd8d72,SOFI,buy,market,fill,1,gtc,0.0,1,stock,16.420000076293945,2462.0,0.0
2025-01-22 09:30:00-05:00,YAMLStrategy,eeb7687bede34be7bae353fad4cbdfa3,HIMS,sell,stop,canceled,1,day,0.0,1,stock,,,
2025-01-22 09:30:00-05:00,YAMLStrategy,5372ccf4792c4dda9c6f5130b76abbd6,HIMS,sell,limit,canceled,1,day,0.0,1,stock,,,
2025-01-22 09:30:00-05:00,YAMLStrategy,5a2e20adbec140cc984c7fd7bae0442e,SOFI,sell,stop,canceled,1,day,0.0,1,stock,,,
2025-01-22 09:30:00-05:00,YAMLStrategy,755de52d17944872b1f1c069c5112561,SOFI,sell,limit,canceled,1,day,0.0,1,stock,,,
2025-01-22 09:30:00-05:00,YAMLStrategy,10ce3fe228af4ad58ac7ca99e594fa19,HIMS,sell,market,new,1,day,0.0,1,stock,,,
2025-01-22 09:30:00-05:00,YAMLStrategy,8a5d4993296943edac629d8df13a8c90,SOFI,sell,market,new,1,day,0.0,1,stock,,,
2025-01-22 09:30:00-05:00,YAMLStrategy,10ce3fe228af4ad58ac7ca99e594fa19,HIMS,sell,market,fill,1,day,0.0,1,stock,29.729999542236328,1436.0,0.0
2025-01-22 09:30:00-05:00,YAMLStrategy,8a5d4993296943edac629d8df13a8c90,SOFI,sell,market,fill,1,day,0.0,1,stock,18.059999465942383,2462.0,0.0
2025-01-24 09:30:00-05:00,YAMLStrategy,a5a38cf98158415fa31f8291026338ad,PLTR,buy,market,new,1,gtc,0.0,1,stock,,,
2025-01-24 09:30:00-05:00,YAMLStrategy,a5a38cf98158415fa31f8291026338ad,PLTR,buy,market,fill,1,gtc,0.0,1,stock,79.05000305175781,530.0,0.0
2025-02-04 09:30:00-05:00,YAMLStrategy,5fcdba5c46224fb38b159b8595a606d8,RGTI,buy,market,new,1,gtc,0.0,1,stock,,,
2025-02-04 09:30:00-05:00,YAMLStrategy,f6cae9392582462e9c90578082e4f828,PLTR,sell,stop,canceled,1,day,0.0,1,stock,,,
2025-02-04 09:30:00-05:00,YAMLStrategy,8e215af4e4cf4978bc85b06f26a099ec,PLTR,sell,limit,fill,1,day,0.0,1,stock,102.80000305175781,530.0,0.0
2025-02-04 09:30:00-05:00,YAMLStrategy,5fcdba5c46224fb38b159b8595a606d8,RGTI,buy,market,fill,1,gtc,0.0,1,stock,14.095000267028809,2331.0,0.0
2025-02-07 09:30:00-05:00,YAMLStrategy,d75c10ff39c44c409279ac10132218c5,RCAT,buy,market,new,1,gtc,0.0,1,stock,,,
2025-02-07 09:30:00-05:00,YAMLStrategy,d75c10ff39c44c409279ac10132218c5,RCAT,buy,market,fill,1,gtc,0.0,1,stock,10.914999961853027,3469.0,0.0
2025-02-11 09:30:00-05:00,YAMLStrategy,228bcebc823647d9ae1af55bf8905de0,RGTI,sell,limit,canceled,1,day,0.0,1,stock,,,
2025-02-11 09:30:00-05:00,YAMLStrategy,df0c74dfef5846ca8bb07f71819622eb,RGTI,sell,stop,fill,1,day,0.0,1,stock,12.12,2331.0,0.0
2025-02-11 09:30:00-05:00,YAMLStrategy,f3b00a130a024ff1aa29d4f4a772b222,RCAT,sell,limit,canceled,1,day,0.0,1,stock,,,
2025-02-11 09:30:00-05:00,YAMLStrategy,237803c3b778418caf613b4cabd2ce79,RCAT,sell,stop,fill,1,day,0.0,1,stock,9.55,3469.0,0.0
2025-02-20 09:30:00-05:00,YAMLStrategy,74bb6e0182694bd1865aafb3a07da934,SOFI,buy,market,new,1,gtc,0.0,1,stock,,,
2025-02-20 09:30:00-05:00,YAMLStrategy,74bb6e0182694bd1865aafb3a07da934,SOFI,buy,market,fill,1,gtc,0.0,1,stock,16.010000228881836,2638.0,0.0
2025-02-24 08:30:00-05:00,YAMLStrategy,c1b7365583464048820e6697cc4ad42c,SOFI,sell,limit,canceled,1,day,0.0,1,stock,,,
2025-02-24 08:30:00-05:00,YAMLStrategy,dc82cc3f0b24473d8c0c087929795db9,SOFI,sell,stop,fill,1,day,0.0,1,stock,14.56,2638.0,0.0
